"variable","n","mean","sd","min","q1","median","q3","max","na"
"ID",261,131,75.4884097063914,1,66,131,196,261,0
"Prate",261,4.93218390804598,1.94442957343478,1.3,3.2,4.4,6.9,8.7,0
"Exper",261,10.2298850574713,6.22717583121685,1,6,9,14,37,0
"Sal94",261,153593.344827586,80469.6667203278,34514,90771,133284,200543,428876,0
"Sal95",261,168906.655172414,88778.4254109194,38675,99972,148117,218955,472589,0
