"term","est","se","t","p"
"(Intercept)",130223.821428572,9134.27492153148,14.2566128726436,1.5407954739043e-32
"GenderMale",62831.1301843317,11830.2767314049,5.31104483951243,2.81508306571833e-07
