"term","est","se","t","p"
"(Intercept)",126574.548387097,10345.9641614215,12.2341955193575,1.78576723001013e-24
"GenderMale",62395.398421414,13328.1337423166,4.68148051540853,6.20188212655176e-06
