"term","est","se","t","p"
"(Intercept)",126058.915662651,9094.30979449644,13.8612955255755,2.66452226997845e-31
"GenderMale",69457.5243373494,11731.307136977,5.92069779832289,1.32457367838668e-08
